,dtxsid,Mode,Name,DSSTox_QC-Level,Substance_Name,Substance_CASRN,Substance_Type,Substance_Note,Structure_SMILES,Structure_InChI,Structure_InChIKey,Structure_Formula,Structure_MolWt,Structure_SMILES_2D-QSAR
0,DTXSID001375068,['POS'],"2,3-dihydroxypropyl 12-methyltridecanoate",DSSTox_Low,"2,3-Dihydroxypropyl 12-methyltridecanoate",226064-97-7,Single Compound,,CC(C)CCCCCCCCCCC(=O)OCC(O)CO,"InChI=1/C17H34O4/c1-15(2)11-9-7-5-3-4-6-8-10-12-17(20)21-14-16(19)13-18/h15-16,18-19H,3-14H2,1-2H3
AuxInfo=1/0/N:1,21,7,8,6,9,5,10,4,11,3,12,18,16,2,17,13,19,20,14,15/E:(1,2)/rA:21CCCCCCCCCCCCCOOCCCOOC/rB:s1;s2;s3;s4;s5;s6;s7;s8;s9;s10;s11;s12;d13;s13;s15;s16;s17;s18;s17;s2;/rC:-11.3363,-.385,0;-10.0026,.385,0;-8.6689,-.385,0;-7.3352,.385,0;-6.0015,-.385,0;-4.6679,.385,0;-3.3342,-.385,0;-2.0005,.385,0;-.6668,-.385,0;.6669,.385,0;2.0005,-.385,0;3.3342,.385,0;4.6679,-.385,0;4.6679,-1.925,0;6.0016,.385,0;7.3352,-.385,0;8.6689,.385,0;10.0026,-.385,0;11.3363,.385,0;8.6689,1.925,0;-10.0026,1.925,0;
",ZGNRVILZVRTZON-UHFFFAOYNA-N,C17H34O4,302.455,
1,DTXSID001375070,['POS'],"3-(1-hydroxyethyl)-2,3,6,7,8,8a-hexahydropyrrolo[1,2-a]pyrazine-1,4-dione",Public_High,"3-(1-hydroxyethyl)-2,3,6,7,8,8a-hexahydropyrrolo[1,2-a]pyrazine-1,4-dione",NOCAS_1375070,Single Compound,,CC(O)C1NC(=O)C2CCCN2C1=O,"InChI=1/C9H14N2O3/c1-5(12)7-9(14)11-4-2-3-6(11)8(13)10-7/h5-7,12H,2-4H2,1H3,(H,10,13)
AuxInfo=1/1/N:3,12,13,11,2,7,4,6,9,5,8,1,14,10/rA:14OCCCNCCNCOCCCO/rB:s1;s2;s2;s4;s5;s6;s7;s4s8;d9;s8;s11;s7s12;d6;/rC:3.8523,.77,0;2.5186,1.54,0;2.5186,3.08,0;1.1849,.77,0;1.1849,-.77,0;-.1488,-1.54,0;-1.4825,-.77,0;-1.4825,.77,0;-.1488,1.54,0;-.1488,3.08,0;-2.9471,1.2459,0;-3.8523,0,0;-2.9471,-1.2459,0;-.1488,-3.08,0;
",UBLWFFBGMBRBMC-UHFFFAOYNA-N,C9H14N2O3,198.222,
2,DTXSID0021969,['NEG'],Vanillin,DSSTox_High,4-Hydroxy-3-methoxybenzaldehyde,121-33-5,Single Compound,,COC1=C(O)C=CC(C=O)=C1,"InChI=1S/C8H8O3/c1-11-8-4-6(5-9)2-3-7(8)10/h2-5,10H,1H3
AuxInfo=1/0/N:7,11,10,4,2,1,8,5,3,9,6/rA:11CCOCCOCCOCC/rB:s1;d2;d1;s4;s5;s6;d5;s8;s8;s1d10;/rC:5.3325,-2.3105,0;6.6595,-3.078,0;7.9946,-2.3105,0;3.9973,-3.078,0;2.6622,-2.3105,0;1.3351,-3.078,0;0,-2.3105,0;2.6622,-.7675,0;1.3351,0,0;3.9973,0,0;5.3325,-.7675,0;
",MWOOGOJBHIARFG-UHFFFAOYSA-N,C8H8O3,152.149,COC1=C(O)C=CC(C=O)=C1
3,DTXSID00862180,['POS'],Daidzin,DSSTox_High,"7,4â€²-Dihydroxyisoflavone 7-glucoside",552-66-9,Single Compound,Rotation(-);,OC[C@H]1O[C@@H](OC2=CC=C3C(=O)C(=COC3=C2)C2=CC=C(O)C=C2)[C@H](O)[C@@H](O)[C@@H]1O,"InChI=1S/C21H20O9/c22-8-16-18(25)19(26)20(27)21(30-16)29-12-5-6-13-15(7-12)28-9-14(17(13)24)10-1-3-11(23)4-2-10/h1-7,9,16,18-23,25-27H,8H2/t16-,18-,19+,20-,21-/m1/s1
AuxInfo=1/0/N:4,6,3,7,14,15,12,23,9,5,2,13,16,8,11,22,17,25,27,29,20,24,1,18,26,28,30,10,19,21/E:(1,2)(3,4)/it:im/rA:30OCCCCCCCCOCCCCCCCOOC.eOC.eCOC.oOC.eOC.oO/rB:s1;d2;s3;d4;s5;s2d6;s5;d8;s9;s10;d11;s12;d13;s14;s11d15;s8s16;d17;s13;n19;s20;s21;N22;s23;s22;P25;s25;N27;s20s27;P29;/rC:8.6686,3.4649,0;7.3349,2.6949,0;7.3349,1.155,0;6.0012,.385,0;4.6677,1.155,0;4.6677,2.6949,0;6.0012,3.4649,0;3.3342,.385,0;3.3342,-1.155,0;2.0005,-1.9249,0;.667,-1.155,0;-.6668,-1.9249,0;-2.0005,-1.155,0;-2.0005,.385,0;-.6668,1.155,0;.667,.385,0;2.0005,1.155,0;2.0005,2.6949,0;-3.334,-1.9249,0;-4.6677,-1.155,0;-6.0014,-1.9249,0;-7.3349,-1.155,0;-8.6686,-1.9249,0;-8.6686,-3.4649,0;-7.3349,.385,0;-8.6686,1.155,0;-6.0014,1.155,0;-6.0014,2.6949,0;-4.6677,.385,0;-3.334,1.155,0;
",KYQZWONCHDNPDP-QNDFHXLGSA-N,C21H20O9,416.382,
4,DTXSID00903906,['POS'],PPG n10,Public_Low,"2,5,8,11,14,17,20,23,26-nonamethyl-3,6,9,12,15,18,21,24,27-nonaoxatriacontane-1,29-diol",NOCAS_903906,Single Compound,,CC(O)COC(C)COC(C)COC(C)COC(C)COC(C)COC(C)COC(C)COC(C)COC(C)CO,"InChI=1/C30H62O11/c1-21(32)12-33-23(3)14-35-25(5)16-37-27(7)18-39-29(9)20-41-30(10)19-40-28(8)17-38-26(6)15-36-24(4)13-34-22(2)11-31/h21-32H,11-20H2,1-10H3
AuxInfo=1/0/N:41,40,35,34,33,31,30,29,27,25,39,37,32,28,23,22,20,19,17,16,38,36,26,24,21,18,15,14,13,12,11,10,8,9,6,7,4,5,2,3,1/rA:41OOOOOOOOOOOCCCCCCCCCCCCCCCCCCCCCCCCCCCCCC/rB:;;;;;;;;;;s1;s2;s3;s4;s1s13;s3s12;s5;s2s15;s5s14;s6;s4s21;s7s18;s7;s12;s8;s13;s6s26;s14;s15;s18;s9s24;s21;s24;s26;s9;s8;s10s37;s11s36;s36;s38;/rC:-.0001,.3774,0;4.0267,-.3775,0;-4.0268,-.3775,0;8.0534,.3774,0;-8.0534,.3774,0;12.0802,-.3775,0;-12.0802,-.3775,0;16.107,.3774,0;-16.107,.3774,0;20.1337,-.3775,0;-20.1337,-.3775,0;-1.3423,-.3775,0;2.6844,.3774,0;-5.3691,.3774,0;6.7112,-.3775,0;1.3422,-.3775,0;-2.6846,.3774,0;-9.3957,-.3775,0;5.3689,.3774,0;-6.7113,-.3775,0;10.738,.3774,0;9.3957,-.3775,0;-10.738,.3774,0;-13.4225,.3774,0;-1.3423,-1.9295,0;14.7647,-.3775,0;2.6844,1.9295,0;13.4225,.3774,0;-5.3691,1.9295,0;6.7112,-1.9295,0;-9.3957,-1.9295,0;-14.7647,-.3775,0;10.738,1.9295,0;-13.4225,1.9295,0;14.7647,-1.9295,0;-17.4492,-.3775,0;17.4492,-.3775,0;18.7915,.3774,0;-18.7915,.3774,0;-17.4492,-1.9295,0;18.7915,1.9295,0;
",MCVKSYYBBHNAFN-UHFFFAOYNA-N,C30H62O11,598.815,CC(O)COC(C)COC(C)COC(C)COC(C)COC(C)COC(C)COC(C)COC(C)COC(C)CO
5,DTXSID1022558,['POS'],Adenosine,DSSTox_High,Adenosine,58-61-7,Single Compound,,NC1=NC=NC2=C1N=CN2[C@@H]1O[C@H](CO)[C@@H](O)[C@H]1O,"InChI=1S/C10H13N5O4/c11-8-5-9(13-2-12-8)15(3-14-5)10-7(18)6(17)4(1-16)19-10/h2-4,6-7,10,16-18H,1H2,(H2,11,12,13)/t4-,6-,7-,10-/m1/s1
AuxInfo=1/1/N:18,9,5,12,3,14,15,6,2,11,10,8,7,4,1,19,16,17,13/it:im/rA:19NCCNCCNNCNC.eC.oOC.eC.oOOCO/rB:s1;d2;s3;s1d4;s3;s2;d6;d7s8;s6;p1;;s11s12;s12;s11s14;N14;N15;P12;s18;/rC:5.1396,-4.1655,0;3.7666,-3.7202,0;3.7666,-2.2265,0;5.1396,-1.7719,0;6.0117,-2.978,0;2.44,-1.4658,0;2.44,-4.4717,0;1.1875,-2.2265,0;1.1875,-3.7202,0;2.44,0,0;5.1396,-6.559,0;2.6254,-6.559,0;3.9057,-5.6591,0;3.1265,-8.0434,0;4.6665,-8.0434,0;2.1987,-9.2772,0;5.5571,-9.2772,0;1.1596,-6.0859,0;0,-7.125,0;
",OIRDTQYFTABQOQ-KQYNXXCUSA-N,C10H13N5O4,267.245,NC1=C2N=CN(C3OC(CO)C(O)C3O)C2=NC=N1
6,DTXSID201159678,['POS'],"3-(propan-2-yl)-octahydropyrrolo[1,2-a]pyrazine-1,4-dione",Public_High_CAS,"(3R,8aS)-Hexahydro-3-(1-methylethyl)pyrrolo[1,2-a]pyrazine-1,4-dione",27483-18-7,Single Compound,,CC(C)[C@H]1NC(=O)[C@@H]2CCCN2C1=O,"InChI=1S/C10H16N2O2/c1-6(2)8-10(14)12-5-3-4-7(12)9(13)11-8/h6-8H,3-5H2,1-2H3,(H,11,13)/t7-,8+/m0/s1
AuxInfo=1/1/N:1,3,9,10,8,2,11,4,12,5,14,7,13,6/E:(1,2)/it:im/rA:14CCCC.eCONCCCC.oCON/rB:s1;s2;n2;s4;d5;s5;s7;s8;s9;p7s10;s11;d12;s4s12;/rC:6.5314,2.0728,0;5.1977,1.3028,0;5.1977,-.2372,0;3.8641,2.0728,0;2.5304,1.3028,0;2.5304,-.2372,0;1.1967,2.0728,0;-.2679,1.5969,0;-1.1731,2.8428,0;-.2679,4.0887,0;1.1967,3.6128,0;2.5304,4.3828,0;2.5304,5.9227,0;3.8641,3.6128,0;
",XLUAWXQORJEMBD-JGVFFNPUSA-N,C10H16N2O2,196.25,
7,DTXSID20179308,['POS'],5'-S-Methyl-5'-thioadenosine,Public_High_CAS,5'-Methylthioadenosine,2457-80-9,Single Compound,Loaded based on no conflicts with this data in chemid and pubchem,CSC[C@H]1O[C@H]([C@H](O)[C@@H]1O)N1C=NC2=C(N)N=CN=C12,"InChI=1S/C11H15N5O3S/c1-20-2-5-7(17)8(18)11(19-5)16-4-15-6-9(12)13-3-14-10(6)16/h3-5,7-8,11,17-18H,2H2,1H3,(H2,12,13,14)/t5-,7-,8-,11-/m1/s1
AuxInfo=1/1/N:19,14,20,16,13,17,11,10,18,15,12,9,8,7,6,5,4,3,2,1/it:im/rA:20SOOONNNNNC.eC.oC.oC.oCCCCCCC/rB:;;;;;;;;p3;p4s10;s2n5s10;s2s11;s1N13;s5d7;s5d6;s6s15;s8s9d17;s1;s7d8;/rC:8.2466,4.9476,0;6.7801,1.0952,0;10.3929,-.5865,0;10.3988,2.764,0;7.2048,-1.6163,0;7.2048,-4.0949,0;4.4137,-1.3154,0;3.08,-3.6256,0;4.4137,-5.9356,0;9.1485,.3209,0;9.1511,1.8611,0;7.683,-.1525,0;7.6873,2.3395,0;7.2141,3.8048,0;5.7475,-2.0854,0;8.1036,-2.8554,0;5.7475,-3.6256,0;4.4137,-4.3956,0;7.7732,6.4129,0;3.08,-2.0854,0;
",WUUGFSXJNOTRMR-IOSLPCCCSA-N,C11H15N5O3S,297.33,CSCC1OC(C(O)C1O)N1C=NC2=C(N)N=CN=C12
8,DTXSID2020929,['POS'],Nicotinamide,DSSTox_High,Niacinamide,98-92-0,Single Compound,,NC(=O)C1=CC=CN=C1,"InChI=1S/C6H6N2O/c7-6(9)5-2-1-3-8-4-5/h1-4H,(H2,7,9)
AuxInfo=1/1/N:6,5,7,9,4,2,1,8,3/rA:9NCOCCCCNC/rB:s1;d2;s2;d4;s5;d6;s7;s4d8;/rC:0,-2.6654,0;.77,-1.3354,0;;2.31,-1.3354,0;3.0747,0,0;4.6147,0,0;5.3847,-1.3354,0;4.6147,-2.6654,0;3.0747,-2.6654,0;
",DFPAKSUCGFBDDF-UHFFFAOYSA-N,C6H6N2O,122.127,NC(=O)C1=CC=CN=C1
9,DTXSID2058629,['POS'],PEG n6,DSSTox_High,Hexaethylene glycol,2615-15-8,Single Compound,,OCCOCCOCCOCCOCCOCCO,"InChI=1S/C12H26O7/c13-1-3-15-5-7-17-9-11-19-12-10-18-8-6-16-4-2-14/h13-14H,1-12H2
AuxInfo=1/0/N:9,18,8,17,6,15,5,14,3,12,2,11,10,19,7,16,4,13,1/E:(1,2)(3,4)(5,6)(7,8)(9,10)(11,12)(13,14)(15,16)(17,18)/rA:19OCCOCCOCCOCCOCCOCCO/rB:s1;s2;s3;s4;s5;s6;s7;s8;s9;s1;s11;s12;s13;s14;s15;s16;s17;s18;/rC:10.0102,-5.3485,0;9.261,-6.6804,0;7.721,-6.6804,0;6.9301,-8.0123,0;5.3901,-8.0123,0;4.6201,-9.3442,0;3.0801,-9.3442,0;2.31,-10.697,0;.77,-10.697,0;0,-12.0289,0;11.5502,-5.3485,0;12.3411,-3.9957,0;13.8811,-3.9957,0;14.6511,-2.6638,0;16.1911,-2.6638,0;16.9611,-1.3528,0;18.5012,-1.3528,0;19.2712,0,0;20.8112,0,0;
",IIRDTKBZINWQAW-UHFFFAOYSA-N,C12H26O7,282.333,OCCOCCOCCOCCOCCOCCO
10,DTXSID20903903,['POS'],PPG n7,DSSTox_High,"2,5,8,11,14,17-hexamethyl-3,6,9,12,15,18-hexaoxahenicosane-1,20-diol",14362-16-4,Single Compound,,CC(O)COC(C)COC(C)COC(C)COC(C)COC(C)COC(C)CO,"InChI=1/C21H44O8/c1-15(23)9-24-17(3)11-26-19(5)13-28-21(7)14-29-20(6)12-27-18(4)10-25-16(2)8-22/h15-23H,8-14H2,1-7H3
AuxInfo=1/0/N:29,28,24,22,21,20,19,27,25,18,17,14,13,12,26,23,16,15,11,10,9,8,7,5,6,3,4,1,2/rA:29OOOOOOOOCCCCCCCCCCCCCCCCCCCCC/rB:;;;;;;;s1;s2;s3;s2s9;s1s11;s4s10;s4;s5;s3s16;s6s15;s9;s10;s11;s15;s6;s16;s5;s7s25;s8s23;s23;s26;/rC:1.9853,.3852,0;-1.9853,-.3852,0;5.9856,-.3852,0;-5.9856,.3852,0;9.9858,.3852,0;-9.9858,-.3852,0;13.9861,-.3852,0;-13.9861,.3852,0;.6519,-.3852,0;-3.3187,.3852,0;4.6521,.3852,0;-.6519,.3852,0;3.3187,-.3852,0;-4.6521,-.3852,0;-7.319,-.3852,0;8.6524,-.3852,0;7.319,.3852,0;-8.6524,.3852,0;.6519,-1.926,0;-3.3187,1.926,0;4.6521,1.926,0;-7.319,-1.926,0;-11.3192,.3852,0;8.6524,-1.926,0;11.3192,-.3852,0;12.6526,.3852,0;-12.6526,-.3852,0;-11.3192,1.926,0;12.6526,1.926,0;
",OWRNLGZKEZSHGO-UHFFFAOYNA-N,C21H44O8,424.575,CC(O)COC(C)COC(C)COC(C)COC(C)COC(C)COC(C)CO
11,DTXSID30196526,['NEG'],cyclo(tyrosyl-prolyl),Public_High_CAS,Maculosin,4549-02-4,Single Compound,Loaded based on no conflicts with this data in chemid and pubchem,OC1=CC=C(C[C@@H]2NC(=O)[C@@H]3CCCN3C2=O)C=C1,"InChI=1S/C14H16N2O3/c17-10-5-3-9(4-6-10)8-11-14(19)16-7-1-2-12(16)13(18)15-11/h3-6,11-12,17H,1-2,7-8H2,(H,15,18)/t11-,12-/m0/s1
AuxInfo=1/1/N:9,7,15,16,17,18,8,13,14,19,10,6,12,11,5,4,3,2,1/E:(3,4)(5,6)/it:im/rA:19OOONNC.oCCCC.eCCCCCCCCC/rB:;;;;s4;P6;s4;s7s8;s5;d1s4s10;d2s5s6;P10;s13;d14;s14;s15;d16;s3d17s18;/rC:11.9091,3.08,0;11.9091,-3.08,0;3.9069,-1.54,0;13.2429,.77,0;10.5756,-.77,0;13.2429,-.77,0;14.7,-1.2393,0;14.7,1.2393,0;15.5988,0,0;10.5756,.77,0;11.9091,1.54,0;11.9091,-1.54,0;9.2417,1.54,0;7.9081,.77,0;6.5744,1.54,0;7.9081,-.77,0;5.2407,.77,0;6.5744,-1.54,0;5.2407,-.77,0;
",LSGOTAXPWMCUCK-RYUDHWBXSA-N,C14H16N2O3,260.293,OC1=CC=C(CC2NC(=O)C3CCCN3C2=O)C=C1
12,DTXSID3022324,['POS'],Genistin,DSSTox_High,Genistin,529-59-9,Single Compound,,OC[C@H]1O[C@@H](OC2=CC3=C(C(O)=C2)C(=O)C(=CO3)C2=CC=C(O)C=C2)[C@H](O)[C@@H](O)[C@@H]1O,"InChI=1S/C21H20O10/c22-7-15-18(26)19(27)20(28)21(31-15)30-11-5-13(24)16-14(6-11)29-8-12(17(16)25)9-1-3-10(23)4-2-9/h1-6,8,15,18-24,26-28H,7H2/t15-,18-,19+,20-,21-/m1/s1
AuxInfo=1/0/N:25,26,27,28,21,19,11,18,24,29,22,17,20,13,9,15,16,7,5,3,1,12,30,23,31,8,6,4,14,2,10/E:(1,2)(3,4)/it:im/rA:31C.oOC.eOC.oOC.eOC.eOCOCOCCCCCCCCOCCCCCCOO/rB:P1;s1;N3;s3;P5;s5;N7;s7;s1s9;P9;s11;;s13;d13;s15;s16;s14d17;s13;s15;d20;s2d19s21;s20;s17;d24;s24;s25;d26;d27s28;s29;d16;/rC:5.3392,-.7841,0;6.6646,0,0;5.3392,-2.3149,0;6.6646,-3.0803,0;3.995,-3.0803,0;3.995,-4.6298,0;2.6696,-2.3149,0;1.3254,-3.0803,0;2.6696,-.7841,0;3.995,0,0;1.3254,0,0;0,-.7841,0;10.6597,-.7841,0;12.0037,0,0;10.6597,-2.3149,0;12.0037,-3.0803,0;13.3293,-2.3149,0;13.3293,-.7841,0;9.3343,0,0;9.3343,-3.0803,0;8.0087,-2.3149,0;8.0087,-.7841,0;9.3343,-4.6298,0;14.6734,-3.0803,0;15.9989,-2.3149,0;14.6734,-4.6298,0;17.343,-3.0803,0;15.9989,-5.3952,0;17.343,-4.6298,0;18.6684,-5.3952,0;12.0037,-4.6298,0;
",ZCOLJUOHXJRHDI-CMWLGVBASA-N,C21H20O10,432.381,OCC1OC(OC2=CC3=C(C(O)=C2)C(=O)C(=CO3)C2=CC=C(O)C=C2)C(O)C(O)C1O
13,DTXSID3030428,['POS'],5-Hydroxymethyl-2-furaldehyde,DSSTox_High,5-(Hydroxymethyl)-2-furfural,67-47-0,Single Compound,,OCC1=CC=C(O1)C=O,"InChI=1S/C6H6O3/c7-3-5-1-2-6(4-8)9-5/h1-3,8H,4H2
AuxInfo=1/0/N:4,3,6,8,5,2,7,9,1/rA:9OCCCCCOCO/rB:s1;d2;s3;s1d4;s5;d6;s2;s8;/rC:3.8889,0,0;2.6522,-.9022,0;3.1188,-2.3645,0;4.6588,-2.3645,0;5.1644,-.9022,0;6.6111,-.4278,0;7.7777,-1.4622,0;1.1666,-.4278,0;0,-1.4622,0;
",NOEGNKMFWQHSLB-UHFFFAOYSA-N,C6H6O3,126.111,OCC1=CC=C(O1)C=O
14,DTXSID3044382,['POS'],4-Methyl-5-thiazoleethanol,DSSTox_High,Thiamine thiozole,137-00-8,Single Compound,,CC1=C(CCO)SC=N1,"InChI=1S/C6H9NOS/c1-5-6(2-3-8)9-4-7-5/h4,8H,2-3H2,1H3
AuxInfo=1/0/N:9,7,6,3,4,5,1,8,2/rA:9NSCCCCCOC/rB:;d1s2;s1;s2d4;;s5s6;s6;s4;/rC:6.5531,-2.4574,0;4.5609,-3.9056,0;6.1074,-3.9253,0;5.3276,-1.54,0;4.0956,-2.4704,0;1.4875,-3.0668,0;2.6278,-2.0052,0;0,-2.5819,0;5.3276,0,0;
",BKAWJIRCKVUVED-UHFFFAOYSA-N,C6H9NOS,143.2,CC1=C(CCO)SC=N1
15,DTXSID30933019,['POS'],Cyclo(phenylalanyl-prolyl),Public_Low,"3-Benzyl-1-hydroxy-6,7,8,8a-tetrahydropyrrolo[1,2-a]pyrazin-4(3H)-one",14705-60-3,Single Compound,,OC1=NC(CC2=CC=CC=C2)C(=O)N2CCCC12,"InChI=1/C14H16N2O2/c17-13-12-7-4-8-16(12)14(18)11(15-13)9-10-5-2-1-3-6-10/h1-3,5-6,11-12H,4,7-9H2,(H,15,17)
AuxInfo=1/1/N:1,2,3,4,5,6,7,8,9,10,11,12,13,14,15,16,17,18/E:(2,3)(5,6)/rA:18CCCCCCCCCCCCCCNNOO/rB:d1;s1;;s2;d3;s4;s4;;d5s6s9;s9;s7;s12;s11;s11d13;s8s12s14;s13;d14;/rC:12.789,0,0;12.789,1.54,0;11.4553,-.77,0;2.4172,.77,0;11.4553,2.31,0;10.1216,0,0;3.3224,-.4759,0;3.3224,2.0159,0;8.7879,2.31,0;10.1216,1.54,0;7.4542,1.54,0;4.7869,0,0;6.1206,-.77,0;6.1206,2.31,0;7.4542,0,0;4.7869,1.54,0;6.1206,-2.31,0;6.1206,3.85,0;
",QZBUWPVZSXDWSB-UHFFFAOYNA-N,C14H16N2O2,244.294,OC1=NC(CC2=CC=CC=C2)C(=O)N2CCCC12
16,DTXSID401375096,['POS'],"3-(1H-indol-3-ylmethyl)-2,3,6,7,8,8a-hexahydropyrrolo[1,2-a]pyrazine-1,4-dione",DSSTox_Low,"(6Z)-6-Ethylidene-3-(1H-indol-3-ylmethyl)-1-methyl-2,5-piperazinedione",854140-60-6,Single Compound,,C\C=C1/N(C)C(=O)C(CC2=CNC3=CC=CC=C23)N=C1O,"InChI=1/C16H17N3O2/c1-3-14-15(20)18-13(16(21)19(14)2)8-10-9-17-12-7-5-4-6-11(10)12/h3-7,9,13,17H,8H2,1-2H3,(H,18,20)/b14-3-
AuxInfo=1/1/N:11,9,10,14,13,16,15,12,20,21,18,17,1,6,4,3,19,2,5,8,7/rA:21CNCCNCOOCCCCCCCCCCNCC/rB:s1;s1;d2;s3;s4s5;d3;s4;s5;d-6;s10;s1;;d13;s13;s14;d15;d16s17;s17;s19;s12s18d20;/rC:.296,1.2757,0;.0223,-.2398,0;-.8797,2.2705,0;-1.4269,-.7606,0;-2.3289,1.7496,0;-2.6027,.2341,0;-.6061,3.786,0;-1.7005,-2.2763,0;-3.5047,2.7444,0;-4.0519,-.2867,0;-5.2276,.708,0;1.7453,1.7965,0;3.2234,-3.786,0;1.7979,-3.2032,0;4.4409,-2.8427,0;1.5898,-1.6773,0;4.2328,-1.3168,0;2.8073,-.7341,0;5.2276,-.1412,0;4.4168,1.1682,0;2.921,.8018,0;
",HKDISWISXOTDQE-BNNQUZSANA-N,C16H17N3O2,283.331,
17,DTXSID40193960,['POS'],Glycitein,DSSTox_High,Glycitein,40957-83-3,Single Compound,,COC1=C(O)C=C2OC=C(C(=O)C2=C1)C1=CC=C(O)C=C1,"InChI=1S/C16H12O5/c1-20-15-6-11-14(7-13(15)18)21-8-12(16(11)19)9-2-4-10(17)5-3-9/h2-8,17-18H,1H3
AuxInfo=1/0/N:21,16,17,18,19,11,12,14,10,20,6,7,15,8,13,9,5,4,3,2,1/E:(2,3)(4,5)/rA:21OOOOOCCCCCCCCCCCCCCCC/rB:;;;;;;s1s6;d3s6s7;s7;d6;d8;s2s11;s1d7;s4s12d13;d10;s10;s16;d17;s5d18s19;s2;/rC:10.5754,2.1989,0;16.0117,-.9182,0;10.5754,-2.4211,0;16.0117,2.2363,0;3.9067,-3.1911,0;11.909,-.1111,0;9.2415,-.1111,0;11.909,1.4289,0;10.5754,-.8811,0;7.9079,-.8811,0;13.2856,-.9343,0;13.2856,2.2523,0;14.681,-.143,0;9.2415,1.4289,0;14.681,1.461,0;6.5742,-.1111,0;7.9079,-2.4211,0;5.2407,-.8811,0;6.5742,-3.1911,0;5.2407,-2.4211,0;16.0057,-2.4582,0;
",DXYUAIFZCFRPTH-UHFFFAOYSA-N,C16H12O5,284.267,COC1=C(O)C=C2OC=C(C(=O)C2=C1)C1=CC=C(O)C=C1
18,DTXSID40218122,['POS'],PEG n12,DSSTox_High,Dodecaethylene glycol,6790-09-6,Single Compound,[25322-68-3] is Preferred CASRN for this chemical; DTXSID4027862,OCCOCCOCCOCCOCCOCCOCCOCCOCCOCCOCCOCCO,"InChI=1S/C24H50O13/c25-1-3-27-5-7-29-9-11-31-13-15-33-17-19-35-21-23-37-24-22-36-20-18-34-16-14-32-12-10-30-8-6-28-4-2-26/h25-26H,1-24H2
AuxInfo=1/0/N:36,37,34,35,32,33,30,31,28,29,26,27,24,25,22,23,20,21,18,19,16,17,14,15,12,13,10,11,8,9,6,7,4,5,2,3,1/E:(1,2)(3,4)(5,6)(7,8)(9,10)(11,12)(13,14)(15,16)(17,18)(19,20)(21,22)(23,24)(25,26)(27,28)(29,30)(31,32)(33,34)(35,36)/rA:37OOOOOOOOOOOOOCCCCCCCCCCCCCCCCCCCCCCCC/rB:;;;;;;;;;;;;s1;s1;s2s14;s3s15;s2;s3;s4s18;s5s19;s4;s5;s6s22;s7s23;s6;s7;s8s26;s9s27;s8;s9;s10s30;s11s31;s10;s11;s12s34;s13s35;/rC:27.9138,-.3851,0;31.915,.3851,0;23.9126,.3851,0;35.916,-.3851,0;19.9114,-.3851,0;39.917,.3851,0;15.9103,.3851,0;43.9182,-.3851,0;11.9091,-.3851,0;47.9194,.3851,0;7.9081,.3851,0;51.9206,-.3851,0;3.9069,-.3851,0;29.2473,.3851,0;26.58,.3851,0;30.581,-.3851,0;25.2463,-.3851,0;33.2485,-.3851,0;22.5788,-.3851,0;34.5822,.3851,0;21.2453,.3851,0;37.2497,.3851,0;18.5778,.3851,0;38.5834,-.3851,0;17.2441,-.3851,0;41.2507,-.3851,0;14.5766,-.3851,0;42.5846,.3851,0;13.2429,.3851,0;45.2519,.3851,0;10.5756,.3851,0;46.5857,-.3851,0;9.2417,-.3851,0;49.2531,-.3851,0;6.5744,-.3851,0;50.5867,.3851,0;5.2407,.3851,0;
",WRZXKWFJEFFURH-UHFFFAOYSA-N,C24H50O13,546.651,OCCOCCOCCOCCOCCOCCOCCOCCOCCOCCOCCOCCO
19,DTXSID4023541,"['POS', 'NEG']",Pyridoxine,DSSTox_High,Pyridoxine,65-23-6,Single Compound,,CC1=C(O)C(CO)=C(CO)C=N1,"InChI=1S/C8H11NO3/c1-5-8(12)7(4-11)6(3-10)2-9-5/h2,10-12H,3-4H2,1H3
AuxInfo=1/0/N:2,11,9,6,1,8,5,3,12,10,7,4/rA:12CCCOCCOCCOCN/rB:s1;d1;s3;s3;s5;s6;d5;s8;s9;s8;s1d11;/rC:1.5399,-2.6706,0;0,-2.6706,0;2.3099,-1.3318,0;1.5399,0,0;3.8567,-1.3318,0;4.6266,0,0;6.1666,0,0;4.6266,-2.6706,0;6.1666,-2.6706,0;6.9365,-4.0024,0;3.8567,-4.0024,0;2.3099,-4.0024,0;
",LXNHXLLTXMVWPM-UHFFFAOYSA-N,C8H11NO3,169.18,CC1=C(O)C(CO)=C(CO)C=N1
20,DTXSID4026929,['POS'],Erucamide,DSSTox_High,Erucamide,112-84-5,Single Compound,,CCCCCCCC\C=C/CCCCCCCCCCCC(N)=O,"InChI=1S/C22H43NO/c1-2-3-4-5-6-7-8-9-10-11-12-13-14-15-16-17-18-19-20-21-22(23)24/h9-10H,2-8,11-21H2,1H3,(H2,23,24)/b10-9-
AuxInfo=1/1/N:22,21,20,19,18,17,16,15,14,13,12,11,10,9,8,7,6,5,4,3,2,1,24,23/rA:24CCCCCCCCCCCCCCCCCCCCCCON/rB:s1;s2;s3;s4;s5;s6;s7;s8;s9;s10;s11;s12;d-13;s14;s15;s16;s17;s18;s19;s20;s21;d1;s1;/rC:7.1093,-5.0549,0;8.4317,-5.8556,0;9.7912,-5.0549,0;11.0951,-5.8556,0;12.4548,-5.0549,0;13.7585,-5.8556,0;15.0622,-5.0549,0;16.4219,-5.8556,0;17.7443,-5.0549,0;19.0292,-5.8556,0;20.4075,-5.0549,0;21.6926,-5.8556,0;23.0709,-5.0549,0;24.3746,-5.8556,0;24.3746,-7.4016,0;23.0709,-8.1652,0;23.0709,-9.711,0;21.7672,-10.5119,0;21.7672,-12.0019,0;20.4634,-12.8213,0;20.4634,-14.3673,0;19.1597,-15.1124,0;7.1093,-3.5648,0;5.7497,-5.8556,0;
",UAUDZVJPLUQNMU-KTKRTIGZSA-N,C22H43NO,337.592,CCCCCCCCC=CCCCCCCCCCCCC(N)=O
21,DTXSID4027579,['POS'],PEG n5,DSSTox_High,Pentaethylene glycol,4792-15-8,Single Compound,,OCCOCCOCCOCCOCCO,"InChI=1S/C10H22O6/c11-1-3-13-5-7-15-9-10-16-8-6-14-4-2-12/h11-12H,1-10H2
AuxInfo=1/0/N:1,14,2,13,4,11,5,10,7,8,15,16,3,12,6,9/E:(1,2)(3,4)(5,6)(7,8)(9,10)(11,12)(13,14)(15,16)/rA:16CCOCCOCCOCCOCCOO/rB:s1;s2;s3;s4;s5;s6;s7;s8;s9;s10;s11;s12;s13;s1;s14;/rC:1.3111,0,0;2.6618,-.7748,0;3.9729,0,0;5.3038,-.7748,0;6.6149,0,0;7.9459,-.7748,0;9.257,0,0;10.6078,-.7748,0;11.9188,0,0;13.2498,-.7748,0;14.5608,0,0;15.8918,-.7748,0;17.2028,0,0;18.5537,-.7748,0;0,-.7748,0;19.8648,0,0;
",JLFNLZLINWHATN-UHFFFAOYSA-N,C10H22O6,238.28,OCCOCCOCCOCCOCCO
22,DTXSID4029149,['POS'],Methyl palmitate,DSSTox_High,Methyl hexadecanoate,112-39-0,Single Compound,,CCCCCCCCCCCCCCCC(=O)OC,"InChI=1S/C17H34O2/c1-3-4-5-6-7-8-9-10-11-12-13-14-15-16-17(18)19-2/h3-16H2,1-2H3
AuxInfo=1/0/N:16,19,15,14,13,12,11,10,9,8,7,6,5,4,3,2,1,17,18/rA:19CCCCCCCCCCCCCCCCOOC/rB:s1;s2;s3;s4;s5;s6;s7;s8;s9;s10;s11;s12;s13;s14;s15;d1;s1;s18;/rC:2.6313,-1.4843,0;3.9808,-2.2266,0;5.2628,-1.4843,0;6.5897,-2.2266,0;7.8717,-1.4843,0;9.221,-2.2266,0;10.5705,-1.4843,0;11.8299,-2.2266,0;13.2018,-1.4843,0;14.5288,-2.2266,0;15.8107,-1.4843,0;17.1601,-2.2266,0;18.5096,-1.4843,0;19.7916,-2.2266,0;21.1409,-1.4843,0;22.4904,-2.2266,0;2.6313,0,0;1.282,-2.2266,0;0,-1.4843,0;
",FLIACVVOZYBSBS-UHFFFAOYSA-N,C17H34O2,270.457,CCCCCCCCCCCCCCCC(=O)OC
23,DTXSID40318838,['POS'],4-Indolecarbaldehyde,Public_High_CAS,Indole-4-carboxaldehyde,1074-86-8,Single Compound,,O=CC1=C2C=CNC2=CC=C1,"InChI=1S/C9H7NO/c11-6-7-2-1-3-9-8(7)4-5-10-9/h1-6,10H
AuxInfo=1/0/N:10,9,7,6,8,11,5,3,4,2,1/rA:11ONCCCCCCCCC/rB:;;s2s3;d3;s3;d4;s2d6;s5;s7d9;d1s5;/rC:3.08,2.9984,0;7.2048,-2.0909,0;5.7475,-.0816,0;5.7475,-1.6216,0;4.4137,.6884,0;7.2048,.3877,0;4.4137,-2.3918,0;8.1036,-.8516,0;3.08,-.0816,0;3.08,-1.6216,0;4.4137,2.2284,0;
",JFDDFGLNZWNJTK-UHFFFAOYSA-N,C9H7NO,145.161,O=CC1=C2C=CNC2=CC=C1
24,DTXSID4052342,['POS'],Thymine,DSSTox_High,Thymine,65-71-4,Single Compound,,CC1=CNC(=O)NC1=O,"InChI=1S/C5H6N2O2/c1-3-2-6-5(9)7-4(3)8/h2H,1H3,(H2,6,7,8,9)
AuxInfo=1/1/N:9,6,3,2,4,5,1,7,8/rA:9NCCCNCOOC/rB:s1;s2;s1;s4;d3s5;d2;d4;s3;/rC:4.0105,-2.3368,0;2.6896,-3.1014,0;1.3529,-2.3368,0;4.0105,-.7968,0;2.6896,-.016,0;1.3529,-.7968,0;2.6896,-4.6414,0;5.3472,0,0;0,-3.1014,0;
",RWQNBRDOKXIBIV-UHFFFAOYSA-N,C5H6N2O2,126.115,CC1C=NC(=O)NC1=O
25,DTXSID40903905,['POS'],PPG n9,DSSTox_High,"2,5,8,11,14,17,20,23-octamethyl-3,6,9,12,15,18,21,24-octaoxaheptacosane-1,26-diol",2172326-56-4,Single Compound,,CC(O)COC(C)COC(C)COC(C)COC(C)COC(C)COC(C)COC(C)COC(C)CO,"InChI=1/C27H56O10/c1-19(29)11-30-21(3)13-32-23(5)15-34-25(7)17-36-27(9)18-37-26(8)16-35-24(6)14-33-22(4)12-31-20(2)10-28/h19-29H,10-18H2,1-9H3
AuxInfo=1/0/N:37,36,31,30,29,28,26,25,24,35,33,27,23,20,19,18,16,15,34,32,22,21,17,14,13,12,11,10,9,7,8,5,6,3,4,1,2/rA:37OOOOOOOOOOCCCCCCCCCCCCCCCCCCCCCCCCCCC/rB:;;;;;;;;;s1;s2;s3;s4;s2s11;s1s13;s5;s4s12;s3s17;s6s14;s6;s7;s5s22;s11;s12;s13;s8s21;s14;s17;s21;s22;s8;s7;s9s33;s10s32;s32;s34;/rC:1.9996,.3962,0;-1.9996,-.3961,0;5.9989,-.3961,0;-5.9989,.3962,0;10.0357,.3962,0;-10.0359,-.3961,0;14.035,-.3961,0;-14.035,.3962,0;18.0342,.3962,0;-18.0342,-.3961,0;.6791,-.3961,0;-3.3579,.3962,0;4.6783,.3962,0;-7.357,-.3961,0;-.6791,.3962,0;3.3578,-.3961,0;8.6776,-.3961,0;-4.6783,-.3961,0;7.357,.3962,0;-8.6776,.3962,0;-11.3563,.3962,0;12.6768,.3962,0;11.3563,-.3961,0;.6791,-1.943,0;-3.3579,1.943,0;4.6783,1.943,0;-12.6768,-.3961,0;-7.357,-1.943,0;8.6776,-1.943,0;-11.3563,1.943,0;12.6768,1.943,0;-15.3555,-.3961,0;15.3555,.3962,0;16.7137,-.3961,0;-16.7138,.3962,0;-15.3555,-1.943,0;16.7137,-1.943,0;
",DXVLAUMXGHQKAV-UHFFFAOYNA-N,C27H56O10,540.735,CC(O)COC(C)COC(C)COC(C)COC(C)COC(C)COC(C)COC(C)COC(C)CO
26,DTXSID40905040,['POS'],Cyclo(leucylprolyl),DSSTox_Low,"3-Isobutylhexahydropyrrolo[1,2-a]pyrazine-1,4-dione",5654-86-4,Mixture of Stereoisomers,,CC(C)CC1NC(=O)C2CCCN2C1=O,"InChI=1/C11H18N2O2/c1-7(2)6-8-11(15)13-5-3-4-9(13)10(14)12-8/h7-9H,3-6H2,1-2H3,(H,12,14)
AuxInfo=1/1/N:5,6,12,11,13,3,4,2,10,14,7,1,9,15,8/E:(1,2)/rA:15NCCCCCCONCCCCCO/rB:s1;s2;s3;s4;s4;s2;d7;s7;s9;s10;s11;s9s12;s1s10;d14;/rC:-.5935,-.77,0;-.5935,.77,0;-2.1336,.77,0;-2.9036,-.5639,0;-2.1336,-1.8978,0;-4.4436,-.5639,0;.7405,1.54,0;.7405,3.0801,0;2.0744,.77,0;2.0744,-.77,0;3.5392,-1.246,0;4.4436,0,0;3.5392,1.246,0;.7405,-1.54,0;.7405,-3.0801,0;
",SZJNCZMRZAUNQT-UHFFFAOYNA-N,C11H18N2O2,210.277,CC(C)CC1NC(=O)C2CCCN2C1=O
27,DTXSID40920490,['NEG'],Matairesinol,Public_High_CAS,Matairesinol,580-72-3,Single Compound,,COC1=CC(C[C@H]2COC(=O)[C@@H]2CC2=CC=C(O)C(OC)=C2)=CC=C1O,"InChI=1S/C20H22O6/c1-24-18-9-12(3-5-16(18)21)7-14-11-26-20(23)15(14)8-13-4-6-17(22)19(10-13)25-2/h3-6,9-10,14-15,21-22H,7-8,11H2,1-2H3/t14-,15+/m0/s1
AuxInfo=1/0/N:26,14,19,8,20,7,17,15,23,10,3,18,9,2,1,21,6,22,11,5,24,12,16,25,13,4/it:im/rA:26C.eC.eCOCCCCCCCOOCCOCCCCCCCOOC/rB:s1;s2;s3;s1s4;;d6;s7;d8;s9;s6d10;s6;s11;s13;P1s9;d5;N2;s17;d18;s19;d20;s21;s18d22;s21;s22;s25;/rC:-.7675,-1.9153,0;.7731,-1.9153,0;1.2526,-.4511,0;.0029,.4576,0;-1.239,-.4511,0;-6.0918,-.3826,0;-6.094,-1.9274,0;-4.7593,-2.6985,0;-3.4213,-1.9267,0;-3.4267,-.3757,0;-4.7627,.3882,0;-7.4263,.3874,0;-4.7666,1.9282,0;-3.4361,2.6985,0;-2.0902,-2.6857,0;-2.5098,-.2403,0;2.1036,-2.678,0;3.434,-1.9076,0;4.7655,-2.6803,0;6.0949,-1.9112,0;6.094,-.3721,0;4.7524,.3945,0;3.4282,-.3788,0;7.4263,.4014,0;4.7491,1.9282,0;6.0795,2.6985,0;
",MATGKVZWFZHCLI-LSDHHAIUSA-N,C20H22O6,358.39,COC1=CC(CC2COC(=O)C2CC2=CC=C(O)C(OC)=C2)=CC=C1O
28,DTXSID50204354,['POS'],PEG n10,Public_High_CAS,"3,6,9,12,15,18,21,24,27-Nonaoxanonacosane-1,29-diol",5579-66-8,Single Compound,Loaded based on no conflicts with this data in chemid and pubchem,OCCOCCOCCOCCOCCOCCOCCOCCOCCOCCO,"InChI=1S/C20H42O11/c21-1-3-23-5-7-25-9-11-27-13-15-29-17-19-31-20-18-30-16-14-28-12-10-26-8-6-24-4-2-22/h21-22H,1-20H2
AuxInfo=1/0/N:30,31,28,29,26,27,24,25,22,23,20,21,18,19,16,17,14,15,12,13,10,11,8,9,6,7,4,5,2,3,1/E:(1,2)(3,4)(5,6)(7,8)(9,10)(11,12)(13,14)(15,16)(17,18)(19,20)(21,22)(23,24)(25,26)(27,28)(29,30)/rA:31OOOOOOOOOOOCCCCCCCCCCCCCCCCCCCC/rB:;;;;;;;;;;s1;s1;s2s12;s3s13;s2;s3;s4s16;s5s17;s4;s5;s6s20;s7s21;s6;s7;s8s24;s9s25;s8;s9;s10s28;s11s29;/rC:23.9126,-.3851,0;27.9138,.3851,0;19.9114,.3851,0;31.915,-.3851,0;15.9103,-.3851,0;35.916,.3851,0;11.9091,.3851,0;39.917,-.3851,0;7.9081,-.3851,0;43.9182,.3851,0;3.9069,.3851,0;25.2463,.3851,0;22.5788,.3851,0;26.58,-.3851,0;21.2453,-.3851,0;29.2473,-.3851,0;18.5778,-.3851,0;30.581,.3851,0;17.2441,.3851,0;33.2485,.3851,0;14.5766,.3851,0;34.5822,-.3851,0;13.2429,-.3851,0;37.2497,-.3851,0;10.5756,-.3851,0;38.5834,.3851,0;9.2417,.3851,0;41.2507,.3851,0;6.5744,.3851,0;42.5846,-.3851,0;5.2407,-.3851,0;
",DTPCFIHYWYONMD-UHFFFAOYSA-N,C20H42O11,458.545,OCCOCCOCCOCCOCCOCCOCCOCCOCCOCCO
29,DTXSID5022308,"['POS', 'NEG']",Genistein,DSSTox_High,Genistein,446-72-0,Single Compound,,OC1=CC=C(C=C1)C1=COC2=C(C(O)=CC(O)=C2)C1=O,"InChI=1S/C15H10O5/c16-9-3-1-8(2-4-9)11-7-20-13-6-10(17)5-12(18)14(13)15(11)19/h1-7,16-18H
AuxInfo=1/0/N:14,18,15,17,6,4,11,13,16,5,12,7,3,2,1,19,9,8,20,10/E:(1,2)(3,4)/rA:20CCCCCCCOOOCCCCCCCCOO/rB:s1;d2;s3;d4;s5;s2d6;s7;s5;s3;s10;s1d11;s12;s13;d14;s15;d16;d13s17;s16;d1;/rC:6.1553,-2.666,0;4.6132,-2.666,0;3.8421,-3.999,0;2.3,-3.999,0;1.5421,-2.666,0;2.3,-1.333,0;3.8421,-1.333,0;4.6132,0,0;0,-2.666,0;4.6132,-5.3319,0;6.1553,-5.3319,0;6.9132,-3.999,0;8.4553,-3.999,0;9.2265,-2.666,0;10.7686,-2.666,0;11.5265,-3.999,0;10.7686,-5.3319,0;9.2265,-5.3319,0;13.0686,-3.999,0;6.9132,-1.333,0;
",TZBJGXHYKVUXJN-UHFFFAOYSA-N,C15H10O5,270.24,OC1=CC=C(C=C1)C1=COC2=C(C(O)=CC(O)=C2)C1=O
30,DTXSID5025491,['POS'],Lauryl diethanolamide,DSSTox_High,"N,N-Bis(2-hydroxyethyl)dodecanamide",120-40-1,Single Compound,,CCCCCCCCCCCC(=O)N(CCO)CCO,"InChI=1S/C16H33NO3/c1-2-3-4-5-6-7-8-9-10-11-16(20)17(12-14-18)13-15-19/h18-19H,2-15H2,1H3
AuxInfo=1/0/N:19,18,17,16,15,14,13,12,11,8,5,3,4,6,7,2,1,9,10,20/E:(12,13)(14,15)(18,19)/rA:20NCCCCCCCOOCCCCCCCCCO/rB:s1;s1;s1;s2;s3;s4;s5;s6;s7;s8;s11;s12;s13;s14;s15;s16;s17;s18;d2;/rC:5.9373,.7422,0;4.6038,1.5122,0;7.2653,1.5122,0;5.9373,-.7644,0;3.2812,.7534,0;8.5878,.731,0;4.6038,-1.5232,0;1.9645,1.5122,0;9.9213,1.4954,0;4.6038,-3.052,0;.6363,.7534,0;-.6638,1.5344,0;-1.9917,.7534,0;-3.3031,1.5122,0;-4.6424,.7646,0;-5.9646,1.5344,0;-7.2927,.7646,0;-8.6094,1.5344,0;-9.9213,.7646,0;4.6058,3.052,0;
",AOMUHOFOVNGZAN-UHFFFAOYSA-N,C16H33NO3,287.444,CCCCCCCCCCCC(=O)N(CCO)CCO
31,DTXSID5041275,['POS'],Monolaurin,DSSTox_High,1-Monolaurin,142-18-7,Single Compound,,CCCCCCCCCCCC(=O)OCC(O)CO,"InChI=1/C15H30O4/c1-2-3-4-5-6-7-8-9-10-11-15(18)19-13-14(17)12-16/h14,16-17H,2-13H2,1H3
AuxInfo=1/0/N:1,2,3,4,5,6,7,8,9,10,11,12,13,14,15,16,17,18,19/rA:19CCCCCCCCCCCCCCCOOOO/rB:s1;s2;s3;s4;s5;s6;s7;s8;s9;s10;;;s12s13;s11;s12;s14;d15;s13s15;/rC:0,-2.3043,0;1.3309,-1.5296,0;2.6421,-2.3043,0;3.953,-1.5296,0;5.284,-2.3043,0;6.6149,-1.5296,0;7.9459,-2.3043,0;9.2768,-1.5296,0;10.5879,-2.3043,0;11.9189,-1.5296,0;13.2299,-2.3043,0;18.5338,-3.8339,0;17.2029,-1.5296,0;18.5338,-2.3043,0;14.5608,-1.5296,0;17.2029,-4.5887,0;19.8647,-1.5296,0;14.5608,0,0;15.8917,-2.3043,0;
",ARIWANIATODDMH-UHFFFAOYNA-N,C15H30O4,274.401,CCCCCCCCCCCC(=O)OCC(O)CO
32,DTXSID601157236,['POS'],"3-[(4-hydroxyphenyl)methyl]-octahydropyrrolo[1,2-a]pyrazine-1,4-dione",Public_High_CAS,"Hexahydro-3-[(4-hydroxyphenyl)methyl]pyrrolo[1,2-a]pyrazine-1,4-dione",5654-84-2,Single Compound,,OC1=CC=C(CC2NC(=O)C3CCCN3C2=O)C=C1,"InChI=1/C14H16N2O3/c17-10-5-3-9(4-6-10)8-11-14(19)16-7-1-2-12(16)13(18)15-11/h3-6,11-12,17H,1-2,7-8H2,(H,15,18)
AuxInfo=1/1/N:13,14,1,5,2,4,12,7,6,3,8,15,16,9,18,11,19,17,10/E:(3,4)(5,6)/rA:19CCCCCCCCCONCCCCCONO/rB:d1;s2;d3;s4;s1d5;s6;s7;s8;d9;s9;s11;s12;s13;s11s14;s15;d16;s8s16;s3;/rC:6.5314,3.6128,0;7.865,4.3828,0;9.1987,3.6128,0;9.1987,2.0728,0;7.865,1.3028,0;6.5314,2.0728,0;5.1977,1.3028,0;3.8641,2.0728,0;2.5304,1.3028,0;2.5304,-.2372,0;1.1967,2.0728,0;-.2679,1.5969,0;-1.1731,2.8428,0;-.2679,4.0887,0;1.1967,3.6128,0;2.5304,4.3828,0;2.5304,5.9227,0;3.8641,3.6128,0;10.5324,4.3828,0;
",LSGOTAXPWMCUCK-UHFFFAOYNA-N,C14H16N2O3,260.293,OC1=CC=C(CC2NC(=O)C3CCCN3C2=O)C=C1
33,DTXSID60199505,['POS'],"1,5-Isoquinolinediol",DSSTox_High,5-Hydroxy-1(2H)-isoquinolinone,5154-02-9,Single Compound,,OC1=CC=CC2=C1C=CNC2=O,"InChI=1S/C9H7NO2/c11-8-3-1-2-7-6(8)4-5-10-9(7)12/h1-5,11H,(H,10,12)
AuxInfo=1/1/N:11,9,10,7,12,4,5,6,8,3,1,2/rA:12OONCCCCCCCCC/rB:;;;d4;s1s4;s4;d2s3s5;s5;d6;d9s10;s3d7;/rC:7.9326,-2.8629,0;5.2403,3.3499,0;3.9066,1.0401,0;6.5738,-.4999,0;6.5738,1.0401,0;7.9503,-1.3233,0;5.2403,-1.2699,0;5.2403,1.8099,0;7.9503,1.8633,0;9.3457,-.5318,0;9.3457,1.072,0;3.9066,-.4999,0;
",LFUJIPVWTMGYDG-UHFFFAOYSA-N,C9H7NO2,161.16,OC1=CC=CC2=C1CC=NC2=O
34,DTXSID6022557,['NEG'],Adenine,DSSTox_High,Adenine,73-24-5,Single Compound,,NC1=NC=NC2=C1N=CN2,"InChI=1S/C5H5N5/c6-4-3-5(9-1-7-3)10-2-8-4/h1-2H,(H3,6,7,8,9,10)
AuxInfo=1/1/N:7,9,1,5,2,10,3,8,4,6/rA:10CCNNCNCNCN/rB:d1;s1;s2;s1;s2;d3s4;d5;d6s8;s5;/rC:2.6776,-2.3272,0;2.6776,-3.8787,0;4.1439,-1.8618,0;4.1439,-4.3492,0;1.3513,-1.5514,0;1.3513,-4.6594,0;5.0047,-3.128,0;0,-2.3072,0;0,-3.8987,0;1.3513,0,0;
",GFFGJBXGBJISGV-UHFFFAOYSA-N,C5H5N5,135.13,NC1=NC=NC2=C1N=CN2
35,DTXSID6027137,['POS'],Oleamide,DSSTox_High,(9Z)-Octadec-9-enamide,301-02-0,Single Compound,,CCCCCCCC\C=C/CCCCCCCC(N)=O,"InChI=1S/C18H35NO/c1-2-3-4-5-6-7-8-9-10-11-12-13-14-15-16-17-18(19)20/h9-10H,2-8,11-17H2,1H3,(H2,19,20)/b10-9-
AuxInfo=1/1/N:18,17,16,15,14,13,12,11,10,9,8,7,6,5,4,3,2,1,20,19/rA:20CCCCCCCCCCCCCCCCCCON/rB:s1;s2;s3;s4;s5;s6;s7;s8;d-9;s10;s11;s12;s13;s14;s15;s16;s17;d1;s1;/rC:.7701,-5.3487,0;2.3101,-5.3487,0;3.0801,-4.0166,0;4.6202,-4.0166,0;5.3903,-2.664,0;6.9303,-2.664,0;7.7003,-1.3319,0;9.2405,-1.3319,0;10.0313,0,0;11.5714,0,0;12.3206,-1.3319,0;13.8606,-1.3319,0;14.6515,-2.664,0;16.1915,-2.664,0;16.9408,-4.0166,0;18.4808,-4.0166,0;19.2717,-5.3487,0;20.8117,-5.3487,0;0,-4.0166,0;0,-6.6806,0;
",FATBGEAMYMYZAF-KTKRTIGZSA-N,C18H35NO,281.484,CCCCCCCCC=CCCCCCCCC(N)=O
36,DTXSID60903907,['POS'],PPG n11,Public_Low,Undecapropylene glycol,NOCAS_903907,Single Compound,,CC(O)COC(C)COC(C)COC(C)COC(C)COC(C)COC(C)COC(C)COC(C)COC(C)COC(C)CO,"InChI=1/C33H68O12/c1-23(35)13-36-25(3)15-38-27(5)17-40-29(7)19-42-31(9)21-44-33(11)22-45-32(10)20-43-30(8)18-41-28(6)16-39-26(4)14-37-24(2)12-34/h23-35H,12-22H2,1-11H3
AuxInfo=1/0/N:45,44,39,38,37,35,34,32,30,29,28,43,41,36,33,26,25,23,21,20,19,18,42,40,31,27,24,22,17,16,15,14,13,12,11,9,10,7,8,5,6,3,4,1,2/rA:45OOOOOOOOOOOOCCCCCCCCCCCCCCCCCCCCCCCCCCCCCCCCC/rB:;;;;;;;;;;;s1;s2;s3;s4;s5;s2s13;s1s15;s4s14;s3s17;s6;s6s16;s7;s5s24;s8s22;s8;s13;s14;s15;s9;s16;s7s31;s17;s22;s10s27;s24;s27;s31;s10;s9;s11s41;s12s40;s40;s42;/rC:2.0459,.372,0;-2.0458,-.372,0;6.091,-.372,0;-6.091,.372,0;10.1829,.372,0;-10.1827,-.372,0;14.2745,-.372,0;-14.2744,.372,0;18.3197,.372,0;-18.3197,-.372,0;22.4114,-.372,0;-22.4114,.372,0;.6975,-.372,0;-3.3942,.372,0;4.7427,.372,0;-7.486,-.372,0;8.8344,-.372,0;-.6974,.372,0;3.3943,-.372,0;-4.7427,-.372,0;7.486,.372,0;-11.5311,.372,0;-8.8344,.372,0;12.8796,.372,0;11.5312,-.372,0;-12.8795,-.372,0;-15.6228,-.372,0;.6975,-1.9529,0;-3.3942,1.9529,0;4.7427,1.9529,0;16.9713,-.372,0;-7.486,-1.9529,0;15.6229,.372,0;8.8344,-1.9529,0;-11.5311,1.9529,0;-16.9712,.372,0;12.8796,1.9529,0;-15.6228,-1.9529,0;16.9713,-1.9529,0;-19.6681,.372,0;19.6681,-.372,0;21.063,.372,0;-21.0629,-.372,0;-19.6681,1.9529,0;21.063,1.9529,0;
",ZRTKYIJRMCSONJ-UHFFFAOYNA-N,C33H68O12,656.895,CC(O)COC(C)COC(C)COC(C)COC(C)COC(C)COC(C)COC(C)COC(C)COC(C)COC(C)CO
37,DTXSID60932398,['POS'],NP-008521,Public_Low,"3-Benzyl-6-(propan-2-yl)-3,6-dihydropyrazine-2,5-diol",14474-71-6,Single Compound,,CC(C)C1N=C(O)C(CC2=CC=CC=C2)N=C1O,"InChI=1/C14H18N2O2/c1-9(2)12-14(18)15-11(13(17)16-12)8-10-6-4-3-5-7-10/h3-7,9,11-12H,8H2,1-2H3,(H,15,18)(H,16,17)
AuxInfo=1/1/N:1,2,3,4,5,6,7,8,9,10,11,12,13,14,15,16,17,18/E:(1,2)(4,5)(6,7)/rA:18CCCCCCCCCCCCCCNNOO/rB:;;d3;s3;s4;d5;;s1s2;d6s7s8;s8;s9;s11;s12;s11d14;s12d13;s13;s14;/rC:-9.3358,8.47,0;-10.6694,6.16,0;-4.001,-.77,0;-2.6674,0,0;-5.3347,0,0;-2.6674,1.54,0;-5.3347,1.54,0;-4.001,3.85,0;-9.3358,6.93,0;-4.001,2.31,0;-5.3347,4.62,0;-8.0021,6.16,0;-5.3347,6.16,0;-8.0021,4.62,0;-6.6684,3.85,0;-6.6684,6.93,0;-4.001,6.93,0;-9.3358,3.85,0;
",OQQPOHUVAQPSHJ-UHFFFAOYNA-N,C14H18N2O2,246.31,CC(C)C1N=C(O)C(CC2=CC=CC=C2)N=C1O
38,DTXSID60998919,['POS'],"(3R,4R)-4-[(3,4-dimethoxyphenyl)methyl]-3-[(4-hydroxy-3-methoxyphenyl)methyl]oxolan-2-one",DSSTox_High,"(3R,4R)-4-[(3,4-dimethoxyphenyl)methyl]-3-[(4-hydroxy-3-methoxyphenyl)methyl]oxolan-2-one",7770-78-7,Single Compound,,COC1=CC(C[C@@H]2[C@@H](CC3=CC(OC)=C(OC)C=C3)COC2=O)=CC=C1O,"InChI=1S/C21H24O6/c1-24-18-7-5-13(11-20(18)26-3)8-15-12-27-21(23)16(15)9-14-4-6-17(22)19(10-14)25-2/h4-7,10-11,15-16,22H,8-9,12H2,1-3H3/t15-,16+/m0/s1
AuxInfo=1/0/N:25,21,23,1,11,6,12,18,19,3,9,13,10,2,14,15,5,7,4,8,16,26,27,24,20,22,17/it:im/rA:27CCCCCCCCCCCCCC.oC.eCOCCOCOCOCOO/rB:d1;s2;d3;s4;s1d5;;d7;s8;d9;s10;s7d11;;s13;s14;s15;s13s16;s10P14;s2N15;s4;s20;s8;s22;s7;s24;s5;d16;/rC:4.0764,.7698,0;4.0744,-.7702,0;5.4047,-1.5387,0;6.7381,-.7694,0;6.7331,.7763,0;5.4014,1.5381,0;-6.7256,.8275,0;-6.7278,-.7123,0;-5.3973,-1.4808,0;-4.0637,-.7116,0;-4.0691,.8342,0;-5.4006,1.5958,0;-1.3961,.8163,0;-1.3961,-.7192,0;1.2544,-.7192,0;1.2544,.8163,0;-.0784,1.5917,0;-2.73,-1.4793,0;2.6522,-1.5958,0;8.0577,-1.526,0;9.3837,-.7582,0;-8.0655,-1.4717,0;-9.3837,-.7039,0;-8.0578,1.5917,0;-9.3837,.8239,0;8.0599,1.5491,0;2.5855,1.5818,0;
",NQWVSMVXKMHKTF-JKSUJKDBSA-N,C21H24O6,372.417,COC1=C(OC)C=C(CC2COC(=O)C2CC2=CC(OC)=C(O)C=C2)C=C1
39,DTXSID70218291,['POS'],PEG n11,Public_High_CAS,Undecaethylene glycol,6809-70-7,Single Compound,,OCCOCCOCCOCCOCCOCCOCCOCCOCCOCCOCCO,"InChI=1S/C22H46O12/c23-1-3-25-5-7-27-9-11-29-13-15-31-17-19-33-21-22-34-20-18-32-16-14-30-12-10-28-8-6-26-4-2-24/h23-24H,1-22H2
AuxInfo=1/0/N:33,34,31,32,29,30,27,28,25,26,23,24,21,22,19,20,17,18,15,16,13,14,11,12,9,10,7,8,5,6,3,4,1,2/E:(1,2)(3,4)(5,6)(7,8)(9,10)(11,12)(13,14)(15,16)(17,18)(19,20)(21,22)(23,24)(25,26)(27,28)(29,30)(31,32)(33,34)/rA:34OOOOOOOOOOOOCCCCCCCCCCCCCCCCCCCCCC/rB:;;;;;;;;;;;s1;s2s13;s1;s2;s3s15;s4s16;s3;s4;s5s19;s6s20;s5;s6;s7s23;s8s24;s7;s8;s9s27;s10s28;s9;s10;s11s31;s12s32;/rC:23.9126,-.3851,0;27.9138,.3851,0;19.9114,.3851,0;31.915,-.3851,0;15.9103,-.3851,0;35.916,.3851,0;11.9091,.3851,0;39.917,-.3851,0;7.9081,-.3851,0;43.9182,.3851,0;3.9069,.3851,0;47.9194,-.3851,0;25.2463,.3851,0;26.58,-.3851,0;22.5788,.3851,0;29.2473,-.3851,0;21.2453,-.3851,0;30.581,.3851,0;18.5778,-.3851,0;33.2485,.3851,0;17.2441,.3851,0;34.5822,-.3851,0;14.5766,.3851,0;37.2497,-.3851,0;13.2429,-.3851,0;38.5834,.3851,0;10.5756,-.3851,0;41.2507,.3851,0;9.2417,.3851,0;42.5846,-.3851,0;6.5744,.3851,0;45.2519,-.3851,0;5.2407,-.3851,0;46.5857,.3851,0;
",PSVXZQVXSXSQRO-UHFFFAOYSA-N,C22H46O12,502.598,OCCOCCOCCOCCOCCOCCOCCOCCOCCOCCOCCO
40,DTXSID7027540,['NEG'],N-Butylbenzenesulfonamide,DSSTox_High,N-Butylbenzenesulfonamide,3622-84-2,Single Compound,,CCCCNS(=O)(=O)C1=CC=CC=C1,"InChI=1S/C10H15NO2S/c1-2-3-9-11-14(12,13)10-7-5-4-6-8-10/h4-8,11H,2-3,9H2,1H3
AuxInfo=1/0/N:14,13,12,4,3,5,2,6,11,1,10,8,9,7/E:(5,6)(7,8)(12,13)/CRV:14.6/rA:14CCCCCCSOONCCCC/rB:d1;s2;d3;s4;s1d5;s1;d7;d7;s7;s10;s11;s12;s13;/rC:2.6582,-2.3166,0;1.3345,-3.0852,0;0,-2.3166,0;0,-.7793,0;1.3345,0,0;2.6582,-.7793,0;3.9927,-3.0852,0;3.2347,-4.4197,0;4.7719,-1.7508,0;5.327,-3.8646,0;6.6615,-3.0852,0;8.0067,-3.8646,0;9.341,-3.0852,0;10.6755,-3.8646,0;
",IPRJXAGUEGOFGG-UHFFFAOYSA-N,C10H15NO2S,213.3,CCCCNS(=O)(=O)C1=CC=CC=C1
41,DTXSID80170053,['POS'],PEG n13,Public_High_CAS,"3,6,9,12,15,18,21,24,27,30,33,36-Dodecaoxaoctatriacontane-1,38-diol",17598-96-8,Single Compound,Loaded based on no conflicts with this data in chemid and pubchem,OCCOCCOCCOCCOCCOCCOCCOCCOCCOCCOCCOCCOCCO,"InChI=1S/C26H54O14/c27-1-3-29-5-7-31-9-11-33-13-15-35-17-19-37-21-23-39-25-26-40-24-22-38-20-18-36-16-14-34-12-10-32-8-6-30-4-2-28/h27-28H,1-26H2
AuxInfo=1/0/N:39,40,37,38,35,36,33,34,31,32,29,30,27,28,25,26,23,24,21,22,19,20,17,18,15,16,13,14,11,12,9,10,7,8,5,6,3,4,1,2/E:(1,2)(3,4)(5,6)(7,8)(9,10)(11,12)(13,14)(15,16)(17,18)(19,20)(21,22)(23,24)(25,26)(27,28)(29,30)(31,32)(33,34)(35,36)(37,38)(39,40)/rA:40OOOOOOOOOOOOOOCCCCCCCCCCCCCCCCCCCCCCCCCC/rB:;;;;;;;;;;;;;s1;s2s15;s1;s2;s3s17;s4s18;s3;s4;s5s21;s6s22;s5;s6;s7s25;s8s26;s7;s8;s9s29;s10s30;s9;s10;s11s33;s12s34;s11;s12;s13s37;s14s38;/rC:27.9138,-.3851,0;31.915,.3851,0;23.9126,.3851,0;35.916,-.3851,0;19.9114,-.3851,0;39.917,.3851,0;15.9103,.3851,0;43.9182,-.3851,0;11.9091,-.3851,0;47.9194,.3851,0;7.9081,.3851,0;51.9206,-.3851,0;3.9069,-.3851,0;55.9216,.3851,0;29.2473,.3851,0;30.581,-.3851,0;26.58,.3851,0;33.2485,-.3851,0;25.2463,-.3851,0;34.5822,.3851,0;22.5788,-.3851,0;37.2497,.3851,0;21.2453,.3851,0;38.5834,-.3851,0;18.5778,.3851,0;41.2507,-.3851,0;17.2441,-.3851,0;42.5846,.3851,0;14.5766,-.3851,0;45.2519,.3851,0;13.2429,.3851,0;46.5857,-.3851,0;10.5756,.3851,0;49.2531,-.3851,0;9.2417,-.3851,0;50.5867,.3851,0;6.5744,-.3851,0;53.2541,.3851,0;5.2407,.3851,0;54.5879,-.3851,0;
",AKWFJQNBHYVIPY-UHFFFAOYSA-N,C26H54O14,590.704,OCCOCCOCCOCCOCCOCCOCCOCCOCCOCCOCCOCCOCCO
42,DTXSID8021777,['POS'],Riboflavin,DSSTox_High,Riboflavin,83-88-5,Single Compound,,CC1=CC2=C(C=C1C)N(C[C@H](O)[C@H](O)[C@H](O)CO)C1=NC(=O)NC(=O)C1=N2,"InChI=1S/C17H20N4O6/c1-7-3-9-10(4-8(7)2)21(5-11(23)14(25)12(24)6-22)15-13(18-9)16(26)20-17(27)19-15/h3-4,11-12,14,22-25H,5-6H2,1-2H3,(H,20,26,27)/t11-,12+,14-/m0/s1
AuxInfo=1/1/N:18,17,12,11,23,19,14,13,10,9,22,20,2,21,1,7,8,5,4,6,3,24,27,25,26,15,16/it:im/rA:27CCNNNNCCCCCCCCOOCCCC.eC.eC.eCOOOO/rB:s1;s1;d1;d2;;s2s6;s4s6;s3;s5d9;s9;s10;d11;d12s13;d7;d8;s13;s14;;s19;s20;s21;s3s22;s19;P20;N21;P22;/rC:6.6621,-7.5291,0;6.6621,-9.092,0;5.3389,-6.7647,0;8.0082,-6.7647,0;5.3389,-9.8221,0;9.343,-9.092,0;8.0082,-9.8221,0;9.343,-7.5291,0;4.0155,-7.5291,0;4.0155,-9.092,0;2.6694,-6.7647,0;2.6694,-9.8221,0;1.3461,-7.5291,0;1.3461,-9.092,0;8.0082,-11.4077,0;10.6891,-6.7647,0;0,-6.7647,0;0,-9.8677,0;8.0082,-.6046,0;8.0082,-2.1446,0;6.6621,-2.909,0;6.6621,-4.449,0;5.3389,-5.2247,0;9.0464,0,0;9.3201,-2.909,0;5.3389,-2.1446,0;8.0082,-5.2247,0;
",AUNGANRZJHBGPY-SCRDCRAPSA-N,C17H20N4O6,376.369,CC1=CC2=C(C=C1C)N(CC(O)C(O)C(O)CO)C1=NC(=O)NC(=O)C1=N2
43,DTXSID8045983,['NEG'],Hypoxanthine,DSSTox_High,Hypoxanthine,68-94-0,Single Compound,,O=C1N=CNC2=C1NC=N2,"InChI=1S/C5H4N4O/c10-5-3-4(7-1-6-3)8-2-9-5/h1-2H,(H2,6,7,8,9,10)
AuxInfo=1/1/N:1,5,2,3,4,6,9,7,8,10/rA:10CCCCCNNNNO/rB:;d2;s2;;s1s2;s3s5;s4d5;d1s3;d4;/rC:2.526,-.7704,0;.1465,.0076,0;.1465,-1.5332,0;-1.1872,.7704,0;-2.526,-1.5332,0;1.6167,.4724,0;-1.1872,-2.3113,0;-2.526,.0076,0;1.6167,-2.0183,0;-1.1872,2.3113,0;
",FDGQSTZJBFJUBT-UHFFFAOYSA-N,C5H4N4O,136.114,O=C1N=CNC2=C1NC=N2
44,DTXSID80903904,['POS'],PPG n8,DSSTox_High,"2,5,8,11,14,17,20-heptamethyl-3,6,9,12,15,18,21-heptaoxatetracosane-1,23-diol",45308-36-9,Single Compound,,CC(O)COC(C)COC(C)COC(C)COC(C)COC(C)COC(C)COC(C)CO,"InChI=1/C24H50O9/c1-17(26)10-27-19(3)12-29-21(5)14-31-23(7)16-33-24(8)15-32-22(6)13-30-20(4)11-28-18(2)9-25/h17-26H,9-16H2,1-8H3
AuxInfo=1/0/N:33,32,27,26,25,24,22,21,31,29,23,20,17,16,15,14,30,28,19,18,13,12,11,10,9,8,6,7,4,5,2,3,1/rA:33OOOOOOOOOCCCCCCCCCCCCCCCCCCCCCCCC/rB:;;;;;;;;s1;s2;s3;s4;s1s11;s3s10;s2s13;s5s12;s5;s6;s4s19;s10;s11;s7s18;s12;s13;s18;s19;s7;s6;s8s29;s9s28;s28;s30;/rC:0,.3838,0;3.9716,-.3838,0;-3.9717,-.3838,0;7.9432,.3838,0;-7.9433,.3838,0;11.9149,-.3838,0;-11.9149,-.3838,0;15.8532,.3838,0;-15.8532,.3838,0;-1.335,-.3838,0;2.6366,.3838,0;-5.2733,.3838,0;6.6082,-.3838,0;1.3349,-.3838,0;-2.6367,.3838,0;5.2732,.3838,0;-6.6083,-.3838,0;-9.245,-.3838,0;10.5799,.3838,0;9.2449,-.3838,0;-1.335,-1.9191,0;2.6366,1.9191,0;-10.58,.3838,0;-5.2733,1.9191,0;6.6082,-1.9191,0;-9.245,-1.9191,0;10.5799,1.9191,0;-13.2166,.3838,0;13.2165,.3838,0;14.5515,-.3838,0;-14.5516,-.3838,0;-13.2166,1.9191,0;14.5515,-1.9191,0;
",ZZEANNAZZVVPKU-UHFFFAOYNA-N,C24H50O9,482.655,CC(O)COC(C)COC(C)COC(C)COC(C)COC(C)COC(C)COC(C)CO
45,DTXSID90198647,['POS'],octadec-9-ynoic acid,Public_High_CAS,9-Stearolic acid,506-24-1,Single Compound,Loaded based on no conflicts with this data in chemid and pubchem,CCCCCCCCC#CCCCCCCCC(O)=O,"InChI=1S/C18H32O2/c1-2-3-4-5-6-7-8-9-10-11-12-13-14-15-16-17-18(19)20/h2-8,11-17H2,1H3,(H,19,20)
AuxInfo=1/1/N:17,13,9,4,3,5,10,14,18,19,15,11,7,6,8,12,16,20,1,2/E:(19,20)/rA:20OOCCCCCCCCCCCCCCCCCC/rB:;;s3;s3;;s6;s6;s4;s5;s7;s8;s9;s10;s11;s12;s13;s14;s15t18;s1d2s16;/rC:3.9069,1.1551,0;5.2407,-1.1551,0;22.5788,-.3851,0;23.9126,-1.1551,0;21.2453,-1.1551,0;10.5756,.3851,0;11.9091,1.1551,0;9.2417,1.1551,0;25.2463,-.3851,0;19.9114,-.3851,0;13.2429,.3851,0;7.9081,.3851,0;26.58,-1.1551,0;18.5778,-1.1551,0;14.5766,1.1551,0;6.5744,1.1551,0;27.9138,-.3851,0;17.2441,-.3851,0;15.9103,.3851,0;5.2407,.3851,0;
",RGTIBVZDHOMOKC-UHFFFAOYSA-N,C18H32O2,280.452,CCCCCCCCC#CCCCCCCCC(O)=O
46,DTXSID90217766,['POS'],PEG n14,DSSTox_High,"3,6,9,12,15,18,21,24,27,30,33,36,39-Tridecaoxahentetracontane-1,41-diol",1189112-05-7,Single Compound,,OCCOCCOCCOCCOCCOCCOCCOCCOCCOCCOCCOCCOCCOCCO,"InChI=1S/C28H58O15/c29-1-3-31-5-7-33-9-11-35-13-15-37-17-19-39-21-23-41-25-27-43-28-26-42-24-22-40-20-18-38-16-14-36-12-10-34-8-6-32-4-2-30/h29-30H,1-28H2
AuxInfo=1/0/N:42,43,40,41,38,39,36,37,34,35,32,33,30,31,28,29,26,27,24,25,22,23,20,21,18,19,16,17,14,15,12,13,10,11,8,9,6,7,4,5,2,3,1/E:(1,2)(3,4)(5,6)(7,8)(9,10)(11,12)(13,14)(15,16)(17,18)(19,20)(21,22)(23,24)(25,26)(27,28)(29,30)(31,32)(33,34)(35,36)(37,38)(39,40)(41,42)/rA:43OOOOOOOOOOOOOOOCCCCCCCCCCCCCCCCCCCCCCCCCCCC/rB:;;;;;;;;;;;;;;s1;s1;s2s16;s3s17;s2;s3;s4s20;s5s21;s4;s5;s6s24;s7s25;s6;s7;s8s28;s9s29;s8;s9;s10s32;s11s33;s10;s11;s12s36;s13s37;s12;s13;s14s40;s15s41;/rC:31.915,-.3851,0;35.916,.3851,0;27.9138,.3851,0;39.917,-.3851,0;23.9126,-.3851,0;43.9182,.3851,0;19.9114,.3851,0;47.9194,-.3851,0;15.9103,-.3851,0;51.9206,.3851,0;11.9091,.3851,0;55.9216,-.3851,0;7.9081,-.3851,0;59.9228,.3851,0;3.9069,.3851,0;33.2485,.3851,0;30.581,.3851,0;34.5822,-.3851,0;29.2473,-.3851,0;37.2497,-.3851,0;26.58,-.3851,0;38.5834,.3851,0;25.2463,.3851,0;41.2507,.3851,0;22.5788,.3851,0;42.5846,-.3851,0;21.2453,-.3851,0;45.2519,-.3851,0;18.5778,-.3851,0;46.5857,.3851,0;17.2441,.3851,0;49.2531,.3851,0;14.5766,.3851,0;50.5867,-.3851,0;13.2429,-.3851,0;53.2541,-.3851,0;10.5756,-.3851,0;54.5879,.3851,0;9.2417,.3851,0;57.2553,.3851,0;6.5744,.3851,0;58.5891,-.3851,0;5.2407,-.3851,0;
",ILLKMACMBHTSHP-UHFFFAOYSA-N,C28H58O15,634.757,OCCOCCOCCOCCOCCOCCOCCOCCOCCOCCOCCOCCOCCOCCO
47,DTXSID9022310,"['POS', 'NEG']",Daidzein,DSSTox_High,Daidzein,486-66-8,Single Compound,,[H]C1=CC(O)=CC2=C1C(=O)C(=CO2)C1=CC=C(O)C=C1,"InChI=1S/C15H10O4/c16-10-3-1-9(2-4-10)13-8-19-14-7-11(17)5-6-12(14)15(13)18/h1-8,16-17H
AuxInfo=1/0/N:13,14,17,18,9,6,8,5,10,16,12,2,3,4,1,20,19,11,7/E:(1,2)(3,4)/rA:20CCCCCCOCCCOCCCHCCCOO/rB:s1;s1;d2;d3;s2;s4s5;s4;d6;s3;d1;d8s9;d10;s10;s6;;s13d16;d14s16;s12;s16;/rC:-.6636,-.3861,0;-2.003,.374,0;.6636,.3861,0;-2.003,1.9184,0;.6636,1.9064,0;-3.3423,-.3861,0;-.6636,2.6907,0;-3.3423,2.6907,0;-4.6695,.3861,0;2.003,-.3741,0;-.6636,-1.9306,0;-4.6695,1.9064,0;3.3423,.3861,0;2.003,-1.9185,0;-3.3423,-1.9306,0;4.6695,-1.9064,0;4.6695,-.3861,0;3.3423,-2.6907,0;-6.033,2.6666,0;6.033,-2.6666,0;
",ZQSIJRDFPHDXIC-UHFFFAOYSA-N,C15H10O4,254.241,[H]C1=CC(O)=CC2=C1C(=O)C(=CO2)C1=CC=C(O)C=C1
48,DTXSID9027025,['POS'],Stearamide,DSSTox_High,Octadecanamide,124-26-5,Single Compound,,CCCCCCCCCCCCCCCCCC(N)=O,"InChI=1S/C18H37NO/c1-2-3-4-5-6-7-8-9-10-11-12-13-14-15-16-17-18(19)20/h2-17H2,1H3,(H2,19,20)
AuxInfo=1/1/N:18,17,16,15,14,13,12,11,10,9,8,7,6,5,4,3,2,1,20,19/rA:20CCCCCCCCCCCCCCCCCCON/rB:s1;s2;s3;s4;s5;s6;s7;s8;s9;s10;s11;s12;s13;s14;s15;s16;s17;d1;s1;/rC:1.3371,-.7641,0;2.6504,0,0;3.9873,-.7641,0;5.3244,0,0;6.6139,-.7641,0;7.9509,0,0;9.288,-.7641,0;10.6012,0,0;11.9383,-.7641,0;13.2754,0,0;14.5886,-.7641,0;15.9257,0,0;17.2628,-.7641,0;18.5521,0,0;19.8892,-.7641,0;21.2263,0,0;22.5394,-.7641,0;23.8765,0,0;;1.3371,-2.2922,0;
",LYRFLYHAGKPMFH-UHFFFAOYSA-N,C18H37NO,283.5,CCCCCCCCCCCCCCCCCC(N)=O
49,DTXSID90859685,['POS'],N6-Me-Adenosine,Incomplete,N-Methyl-9-pentofuranosyl-9H-purin-6-amine,NOCAS_859685,Single Compound,,CNC1=C2N=CN(C3OC(CO)C(O)C3O)C2=NC=N1,"InChI=1/C11H15N5O4/c1-12-9-6-10(14-3-13-9)16(4-15-6)11-8(19)7(18)5(2-17)20-11/h3-5,7-8,11,17-19H,2H2,1H3,(H,12,13,14)
AuxInfo=1/1/N:9,17,11,14,16,6,19,2,7,5,3,8,10,12,13,4,18,20,1,15/rA:20OCCNCCCNCNCNNCOCCOCO/rB:s1;s2;s3;s4;s5;d6;s7;s8;s7;d10;d5s11;s6;s4d13;s3;s15;s16;s17;s2s16;s19;/rC:-3.6087,-.4909,0;-2.3628,-1.3961,0;-.8982,-.9202,0;-.4223,.5444,0;1.0423,1.0203,0;1.0423,2.5603,0;2.376,3.3303,0;2.376,4.8703,0;3.7097,5.6403,0;3.7097,2.5603,0;3.7097,1.0203,0;2.376,.2503,0;-.4223,3.0362,0;-1.3275,1.7903,0;.007,-2.1661,0;-.8982,-3.412,0;-.4223,-4.8766,0;1.0841,-5.1968,0;-2.3628,-2.9361,0;-3.6087,-3.8413,0;
",VQAYFKKCNSOZKM-UHFFFAOYNA-N,C11H15N5O4,281.272,CNC1=C2N=CN(C3OC(CO)C(O)C3O)C2=NC=N1
